{"8": 0.05999811072878547, "13": 0.05999725973309, "15": 0.0, "18": 0.029456867228015327, "39": 0.029442885146574227, "207": 0.09801663672372607}