{"15": 0.060834010027807306, "207": 0.06083554617749898}