{"8": 0.09653654029306113, "15": 0.08991006192135287, "54": 0.10981079757731549, "97": 0.3, "207": 0.08077403570161468, "324": 0.007847670210225255}