isn_vinculo,cod_cargo,num_ano,num_mes,44,185,226,227
154406,E084,2010,10,0.0,0.0,0.5320532612890769,0.0
154405,E084,2010,8,0.0,0.0,0.5320532612890769,0.0
154406,E084,2010,6,0.0,0.0,0.09999999999999964,0.0
154405,E084,2010,10,0.0,0.0,0.5320532612890769,0.0
154404,E084,2010,11,0.0,0.0,0.5320532612890769,0.0
154404,E084,2010,12,0.0,0.0,0.5320532612890769,0.0
154406,E084,2011,2,0.0,0.0,1.0,0.0
154404,E084,2011,2,0.0,0.0,1.0,0.0
